contract_id,object_name,owner,schema_path,writer_commands,lifecycle_family
contract_acceptancecontract,AcceptanceContract,AcceptanceRegistry,19_schemas/acceptance_contract.schema.json,RegisterOrWriteAcceptanceContract,ACCEPTANCEREGISTRY
contract_acceptanceresults,AcceptanceResults,AcceptanceRegistry,19_schemas/acceptance_results.schema.json,RegisterOrWriteAcceptanceResults,ACCEPTANCEREGISTRY
contract_artifactmanifest,ArtifactManifest,ArtifactStore,19_schemas/artifact_manifest.schema.json,RegisterOrWriteArtifactManifest,ARTIFACTSTORE
contract_authorityenvelope,AuthorityEnvelope,AuthorityService,19_schemas/authority_envelope.schema.json,RegisterOrWriteAuthorityEnvelope,AUTHORITYSERVICE
contract_authorityrequest,AuthorityRequest,AuthorityService,19_schemas/authority_request.schema.json,RegisterOrWriteAuthorityRequest,AUTHORITYSERVICE
contract_benchmarksuite,BenchmarkSuite,EvaluationRegistry,19_schemas/benchmark_suite.schema.json,RegisterOrWriteBenchmarkSuite,EVALUATIONREGISTRY
contract_budgetenvelope,BudgetEnvelope,Governance,19_schemas/budget_envelope.schema.json,RegisterOrWriteBudgetEnvelope,GOVERNANCE
contract_canaryplan,CanaryPlan,EvolutionController,19_schemas/canary_plan.schema.json,RegisterOrWriteCanaryPlan,EVOLUTIONCONTROLLER
contract_capabilityplan,CapabilityPlan,CapabilityRegistry,19_schemas/capability_plan.schema.json,RegisterOrWriteCapabilityPlan,CAPABILITYREGISTRY
contract_capabilityspec,CapabilitySpec,CapabilityRegistry,19_schemas/capability_spec.schema.json,RegisterOrWriteCapabilitySpec,CAPABILITYREGISTRY
contract_checkpoint,Checkpoint,WorkflowEngine,19_schemas/checkpoint.schema.json,RegisterOrWriteCheckpoint,WORKFLOWENGINE
contract_commandenvelope,CommandEnvelope,Kernel,19_schemas/command_envelope.schema.json,RegisterOrWriteCommandEnvelope,KERNEL
contract_contractregistryentry,ContractRegistryEntry,ContractRegistry,19_schemas/contract_registry_entry.schema.json,RegisterOrWriteContractRegistryEntry,CONTRACTREGISTRY
contract_dataretentionpolicy,DataRetentionPolicy,DataLifecycle,19_schemas/data_retention_policy.schema.json,RegisterOrWriteDataRetentionPolicy,DATALIFECYCLE
contract_decisionrecord,DecisionRecord,DecisionLedger,19_schemas/decision_record.schema.json,RegisterOrWriteDecisionRecord,DECISIONLEDGER
contract_disasterrecoveryplan,DisasterRecoveryPlan,RecoveryController,19_schemas/disaster_recovery_plan.schema.json,RegisterOrWriteDisasterRecoveryPlan,RECOVERYCONTROLLER
contract_evaluationrun,EvaluationRun,EvaluationRegistry,19_schemas/evaluation_run.schema.json,RegisterOrWriteEvaluationRun,EVALUATIONREGISTRY
contract_evaluationspec,EvaluationSpec,EvaluationRegistry,19_schemas/evaluation_spec.schema.json,RegisterOrWriteEvaluationSpec,EVALUATIONREGISTRY
contract_eventenvelope,EventEnvelope,Kernel,19_schemas/event_envelope.schema.json,RegisterOrWriteEventEnvelope,KERNEL
contract_evidencebundle,EvidenceBundle,EvidenceStore,19_schemas/evidence_bundle.schema.json,RegisterOrWriteEvidenceBundle,EVIDENCESTORE
contract_evolutionproposal,EvolutionProposal,EvolutionController,19_schemas/evolution_proposal.schema.json,RegisterOrWriteEvolutionProposal,EVOLUTIONCONTROLLER
contract_executionattempt,ExecutionAttempt,Kernel,19_schemas/execution_attempt.schema.json,RegisterOrWriteExecutionAttempt,KERNEL
contract_experimentplan,ExperimentPlan,EvolutionController,19_schemas/experiment_plan.schema.json,RegisterOrWriteExperimentPlan,EVOLUTIONCONTROLLER
contract_externalreviewattestation,ExternalReviewAttestation,ReviewGateway,19_schemas/external_review_attestation.schema.json,RegisterOrWriteExternalReviewAttestation,REVIEWGATEWAY
contract_federationnode,FederationNode,FederationRegistry,19_schemas/federation_node.schema.json,RegisterOrWriteFederationNode,FEDERATIONREGISTRY
contract_goalspec,GoalSpec,Ingress,19_schemas/goal_spec.schema.json,RegisterOrWriteGoalSpec,INGRESS
contract_memorycontextbundle,MemoryContextBundle,MemoryRegistry,19_schemas/memory_context_bundle.schema.json,RegisterOrWriteMemoryContextBundle,MEMORYREGISTRY
contract_memoryquery,MemoryQuery,MemoryRegistry,19_schemas/memory_query.schema.json,RegisterOrWriteMemoryQuery,MEMORYREGISTRY
contract_memoryrecord,MemoryRecord,MemoryRegistry,19_schemas/memory_record.schema.json,RegisterOrWriteMemoryRecord,MEMORYREGISTRY
contract_memorytombstone,MemoryTombstone,MemoryRegistry,19_schemas/memory_tombstone.schema.json,RegisterOrWriteMemoryTombstone,MEMORYREGISTRY
contract_oracleresult,OracleResult,Assurance,19_schemas/oracle_result.schema.json,RegisterOrWriteOracleResult,ASSURANCE
contract_policysnapshot,PolicySnapshot,PolicyRegistry,19_schemas/policy_snapshot.schema.json,RegisterOrWritePolicySnapshot,POLICYREGISTRY
contract_productcomponent,ProductComponent,ProductRegistry,19_schemas/product_component.schema.json,RegisterOrWriteProductComponent,PRODUCTREGISTRY
contract_productspec,ProductSpec,ProductRegistry,19_schemas/product_spec.schema.json,RegisterOrWriteProductSpec,PRODUCTREGISTRY
contract_programspec,ProgramSpec,PortfolioKernel,19_schemas/program_spec.schema.json,RegisterOrWriteProgramSpec,PORTFOLIOKERNEL
contract_promotionrequest,PromotionRequest,ReleaseManager,19_schemas/promotion_request.schema.json,RegisterOrWritePromotionRequest,RELEASEMANAGER
contract_recoverydecision,RecoveryDecision,RecoveryController,19_schemas/recovery_decision.schema.json,RegisterOrWriteRecoveryDecision,RECOVERYCONTROLLER
contract_releaserecord,ReleaseRecord,ReleaseManager,19_schemas/release_record.schema.json,RegisterOrWriteReleaseRecord,RELEASEMANAGER
contract_resourcelease,ResourceLease,LeaseManager,19_schemas/resource_lease.schema.json,RegisterOrWriteResourceLease,LEASEMANAGER
contract_reviewrequest,ReviewRequest,ReviewGateway,19_schemas/review_request.schema.json,RegisterOrWriteReviewRequest,REVIEWGATEWAY
contract_reviewsubjectmanifest,ReviewSubjectManifest,ReviewGateway,19_schemas/review_subject_manifest.schema.json,RegisterOrWriteReviewSubjectManifest,REVIEWGATEWAY
contract_reviewverdict,ReviewVerdict,ReviewGateway,19_schemas/review_verdict.schema.json,RegisterOrWriteReviewVerdict,REVIEWGATEWAY
contract_riskenvelope,RiskEnvelope,Governance,19_schemas/risk_envelope.schema.json,RegisterOrWriteRiskEnvelope,GOVERNANCE
contract_rollbackplan,RollbackPlan,RecoveryController,19_schemas/rollback_plan.schema.json,RegisterOrWriteRollbackPlan,RECOVERYCONTROLLER
contract_skillbinding,SkillBinding,SkillRegistry,19_schemas/skill_binding.schema.json,RegisterOrWriteSkillBinding,SKILLREGISTRY
contract_skillspec,SkillSpec,SkillRegistry,19_schemas/skill_spec.schema.json,RegisterOrWriteSkillSpec,SKILLREGISTRY
contract_strategyprofile,StrategyProfile,AdaptivePlane,19_schemas/strategy_profile.schema.json,RegisterOrWriteStrategyProfile,ADAPTIVEPLANE
contract_taskspec,TaskSpec,PortfolioKernel,19_schemas/task_spec.schema.json,RegisterOrWriteTaskSpec,PORTFOLIOKERNEL
contract_testspec,TestSpec,AcceptanceRegistry,19_schemas/test_spec.schema.json,RegisterOrWriteTestSpec,ACCEPTANCEREGISTRY
contract_workerdescriptor,WorkerDescriptor,WorkerRegistry,19_schemas/worker_descriptor.schema.json,RegisterOrWriteWorkerDescriptor,WORKERREGISTRY
contract_workflowinstance,WorkflowInstance,WorkflowEngine,19_schemas/workflow_instance.schema.json,RegisterOrWriteWorkflowInstance,WORKFLOWENGINE
contract_workstreamspec,WorkstreamSpec,PortfolioKernel,19_schemas/workstream_spec.schema.json,RegisterOrWriteWorkstreamSpec,PORTFOLIOKERNEL
contract_executivemandate,ExecutiveMandate,ExecutiveControl,19_schemas/executive_mandate.schema.json,RegisterOrWriteExecutiveMandate,EXECUTIVECONTROL
contract_organizationroute,OrganizationRoute,OrganizationRouter,19_schemas/organization_route.schema.json,RegisterOrWriteOrganizationRoute,ORGANIZATIONROUTER
contract_departmentcharter,DepartmentCharter,OrganizationRegistry,19_schemas/department_charter.schema.json,RegisterOrWriteDepartmentCharter,ORGANIZATIONREGISTRY
contract_handoffcontract,HandoffContract,OrganizationRouter,19_schemas/handoff_contract.schema.json,RegisterOrWriteHandoffContract,ORGANIZATIONROUTER
contract_deliverycontract,DeliveryContract,DeliveryRegistry,19_schemas/delivery_contract.schema.json,RegisterOrWriteDeliveryContract,DELIVERYREGISTRY
contract_deliveryreadinessrecord,DeliveryReadinessRecord,DeliveryGate,19_schemas/delivery_readiness_record.schema.json,RegisterOrWriteDeliveryReadinessRecord,DELIVERYGATE
contract_productdeliverybundle,ProductDeliveryBundle,DeliveryRegistry,19_schemas/product_delivery_bundle.schema.json,RegisterOrWriteProductDeliveryBundle,DELIVERYREGISTRY
contract_organizationallesson,OrganizationalLesson,KnowledgeLearning,19_schemas/organizational_lesson.schema.json,RegisterOrWriteOrganizationalLesson,KNOWLEDGELEARNING
contract_upgradesignal,UpgradeSignal,EvolutionRadar,19_schemas/upgrade_signal.schema.json,RegisterOrWriteUpgradeSignal,EVOLUTIONRADAR
contract_upgradeproposal,UpgradeProposal,EvolutionRadar,19_schemas/upgrade_proposal.schema.json,RegisterOrWriteUpgradeProposal,EVOLUTIONRADAR
contract_promotionapproval,PromotionApproval,ApprovalRegistry,19_schemas/promotion_approval.schema.json,RegisterOrWritePromotionApproval,APPROVALREGISTRY
contract_technologylifecycleentry,TechnologyLifecycleEntry,CompatibilityRegistry,19_schemas/technology_lifecycle_entry.schema.json,RegisterOrWriteTechnologyLifecycleEntry,COMPATIBILITYREGISTRY
contract_compatibilityprofile,CompatibilityProfile,CompatibilityRegistry,19_schemas/compatibility_profile.schema.json,RegisterOrWriteCompatibilityProfile,COMPATIBILITYREGISTRY
contract_protocoladapterdescriptor,ProtocolAdapterDescriptor,ProtocolRegistry,19_schemas/protocol_adapter_descriptor.schema.json,RegisterOrWriteProtocolAdapterDescriptor,PROTOCOLREGISTRY
contract_componentabimanifest,ComponentABIManifest,CompatibilityRegistry,19_schemas/component_abi_manifest.schema.json,RegisterOrWriteComponentABIManifest,COMPATIBILITYREGISTRY
contract_rootlayoutmanifest,RootLayoutManifest,FilesystemGovernance,19_schemas/root_layout_manifest.schema.json,RegisterOrWriteRootLayoutManifest,FILESYSTEMGOVERNANCE
contract_rootguardresult,RootGuardResult,FilesystemGovernance,19_schemas/root_guard_result.schema.json,RegisterOrWriteRootGuardResult,FILESYSTEMGOVERNANCE
contract_supplychainattestation,SupplyChainAttestation,SupplyChainRegistry,19_schemas/supply_chain_attestation.schema.json,RegisterOrWriteSupplyChainAttestation,SUPPLYCHAINREGISTRY
contract_productcontract,ProductContract,ProductRegistry,19_schemas/product_contract.schema.json,RegisterOrWriteProductContract,PRODUCTREGISTRY
